NAME,PRICES,CATEGORIES
Featured product,Zeb-Juke bar 9750 Pro Dolby Atmos,Soundbar
Zeb-Juke bar 9750 Pro Dolby Atmos,"Sale priceRs. 59,999.00",Soundbar
zeb-juke bar,"Sale priceRs. 56,999.00",Soundbar
zeb-sound bar,"Sale priceRs. 49,999.00",Soundbar
zeb-sound bar,"Sale priceRs. 48,999.00",Soundbar
zeb-sound bar,"Sale priceRs. 45,999.00",Soundbar
zeb-sound bar,"Sale priceRs. 41,999.00",Soundbar
zeb-sound bar,"Sale priceRs. 39,999.00",Soundbar
zeb-sound bar,"Sale priceRs. 34,999.00",Soundbar
zeb-sound bar,"Sale priceRs. 34,999.00",Soundbar
zeb-sound bar,"Sale priceRs. 29,999.00",Soundbar
zeb-sound bar:,"Sale priceRs. 29,999.00",Soundbar
Zeb-Juke bar 9750 Pro Dolby Atmos,"Sale priceRs. 29,799.00",Soundbar
Zeb-Juke Bar 9800DWS Pro Dolby Atmos,"Sale priceRs. 26,999.00",Soundbar
Zeb-Juke Bar 700,"Sale priceRs. 26,999.00",Soundbar
See how,"Sale priceRs. 26,999.00",Soundbar
Zeb-Juke Bar 9500WS Pro Dolby 5.1,"Sale priceRs. 25,999.00",Soundbar
Zeb-Juke Bar 9700 Pro Dolby Atmos,"Sale priceRs. 25,999.00",Soundbar
Zeb-Juke Bar 9450 Pro Dolby 5.1,"Sale priceRs. 25,499.00",Soundbar
Zeb-Juke Bar 9400 Pro Dolby 5.1,"Sale priceRs. 24,999.00",Soundbar
Zeb-Juke Bar 9520WS Pro Dolby 5.1,"Sale priceRs. 24,999.00",Soundbar
ZEB-Juke Bar 9200DWS Pro Dolby,"Sale priceRs. 24,999.00",Soundbar
Zeb-Juke Bar 3820A Pro,"Sale priceRs. 21,999.00",Soundbar
Zeb-Juke Bar 9000-Pro Dolby,"Sale priceRs. 21,999.00",Soundbar
Zeb-Juke Bar 9001 Pro Dolby,"Sale priceRs. 19,999.00",Soundbar
Zeb-Juke Bar 9530WS Pro Dolby 5.1,"Sale priceRs. 19,999.00",Soundbar
Zeb-Juke Bar 800,"Sale priceRs. 19,999.00",Soundbar
Zeb-Juke Bar 9100 Pro Dolby,"Sale priceRs. 17,999.00",Soundbar
Grande (Zeb-Juke Bar 701),"Sale priceRs. 17,999.00",Soundbar
Zeb-Juke Bar 3850 Pro Dolby Atmos,"Sale priceRs. 16,999.00",Soundbar
Zeb-Juke Bar 6001 DWS Pro,"Sale priceRs. 15,999.00",Soundbar
Zeb-Juke Bar 900,"Sale priceRs. 15,499.00",Soundbar
Zeb-Juke bar 7000 DWS Pro,"Sale priceRs. 14,999.00",Soundbar
ZEB-Juke Bar 6000DWS Pro,"Sale priceRs. 13,499.00",Soundbar
Zeb-Juke bar 601,"Sale priceRs. 11,999.00",Soundbar
Zeb-Juke Bar 7400 Pro 5.1,"Sale priceRs. 11,899.00",Soundbar
Zeb-Juke Bar 9102 Pro Dolby,"Sale priceRs. 11,899.00",Soundbar
Zeb-Sonic Bar 100,"Sale priceRs. 10,999.00",Soundbar
Zeb-Juke Bar 5000 Pro,"Sale priceRs. 9,999.00",Soundbar
Zeb-Juke Bar 6100 DWS Pro,"Sale priceRs. 9,999.00",Soundbar
Zeb-Juke Bar 8700 Pro,"Sale priceRs. 9,999.00",Soundbar
Zeb-Juke Bar 500,"Sale priceRs. 8,999.00",Soundbar
Zeb-Juke Bar 3800 Pro Dolby,"Sale priceRs. 6,499.00",Soundbar
Zeb-Juke bar 600,"Sale priceRs. 6,199.00",Soundbar
Zeb-Juke Bar 4000,"Sale priceRs. 4,999.00",Soundbar
Zeb-Juke Bar 501,"Sale priceRs. 2,299.00",soundbar

